Count;Id;Label;Type;Bastard;Non-cyrillic
2260938;на;на;PR;False;False
1890489;гороскоп;гороскоп;S;False;False
1081832;год;год;S;False;False
971949;сонник;сонник;S;False;False
651447;онлайн;онлайн;ADV,A;False;False
640603;гадание;гадание;S;False;False
591293;сегодня;сегодня;ADV;False;False
578178;ноябрь;ноябрь;S;False;False
508894;календарь;календарь;S;False;False
467620;имя;имя;S;False;False
408101;по;по;PR;False;False
372807;лунный;лунный;A;False;False
361586;сон;сон;S;False;False
359400;знак;знак;S;False;False
351695;бесплатно;бесплатно;ADV;False;False
346831;зодиак;зодиак;S;False;False
326527;в;в;PR,S;False;False
279271;что;что;SPRO,CONJ;False;False
249514;толкование;толкование;S;False;False
237770;совместимость;совместимость;S;False;False
234291;завтра;завтра;ADV;False;False
227198;значение;значение;S;False;False
225717;для;для;PR;False;False
213285;и;и;CONJ;False;False
191795;к;к;PR,S;False;False
179287;сниться;сниться;V;False;False
176186;декабрь;декабрь;S;False;False
160524;день;день;S;False;False
152753;таро;таро;S;False;False
143187;стрижка;стрижка;S;False;False
131064;с;с;PR,S;False;False
128640;карта;карта;S;False;False
123424;какой;какой;APRO;False;False
119127;луна;луна;S;False;False
111102;россия;россия;S;False;False
104733;женщина;женщина;S;False;False
100811;рождение;рождение;S;False;False
97830;праздник;праздник;S;False;False
92810;дата;дата;S;False;False
90241;выходной;выходной;S,A;False;False
90103;любовь;любовь;S;False;False
72446;рак;рак;S;False;False
71445;скорпион;скорпион;S;False;False
68527;неделя;неделя;S;False;False
66640;близнец;близнец;S;False;False
65128;фаза;фаза;S;False;False
63616;животное;животное;S;False;False
63616;мужчина;мужчина;S;False;False
63320;миллер;миллер;S;False;False
63243;предсказание;предсказание;S;False;False
62601;девочка;девочка;S;False;False
61115;овен;овен;S;False;False
60965;благоприятный;благоприятный;A;False;False
59852;лев;лев;S;False;False
59746;новый;новый;A;False;False
59657;книга;книга;S;False;False
58638;рыба;рыба;S;False;False
58578;дева;дева;S;False;False
58469;козерог;козерог;S;False;False
56709;волос;волос;S;False;False
56121;телец;телец;S;False;False
55470;стрелец;стрелец;S;False;False
55343;как;как;ADVPRO,CONJ;False;False
55341;весы;весы;S;False;False
53679;водолей;водолей;S;False;False
51285;отношение;отношение;S;False;False
49705;мальчик;мальчик;S;False;False
45568;нет;нет;PART,ADV;False;False
45130;во;во;PR;False;False
44974;перемена;перемена;S;False;False
44536;характеристика;характеристика;S;False;False
42531;означать;означать;V;False;False
41290;прогноз;прогноз;S;False;False
40799;толкователь;толкователь;S;False;False
40499;да;да;CONJ,PART;False;False
40495;когда;когда;CONJ,ADVPRO;False;False
40369;месяц;месяц;S;False;False
38180;экстрасенс;экстрасенс;S;False;False
38141;от;от;PR;False;False
37888;женский;женский;A;False;False
37132;восточный;восточный;A;False;False
35922;пенсия;пенсия;S;False;False
35527;пасьянс;пасьянс;S;False;False
34634;быть;быть;V;False;False
33532;будущее;будущее;S;False;False
32919;судьба;судьба;S;False;False
32567;нумерология;нумерология;S;True;False
32046;василиса;василиса;S;False;False
30513;любовный;любовный;A;False;False
30310;кто;кто;SPRO;False;False
30182;оракул;оракул;S;False;False
29562;рука;рука;S;False;False
29557;ванга;ванга;S;False;False
27234;соник;соник;S;True;False
27192;мужской;мужской;A;False;False
24507;камень;камень;S;False;False
24496;битва;битва;S;False;False
24475;сновидение;сновидение;S;False;False
24442;гуща;гуща;S;False;False
24442;кофейный;кофейный;A;False;False
23883;праздничный;праздничный;A;False;False
23454;собака;собака;S;False;False
23373;ванг;ванг;S;False;False
22557;фамилия;фамилия;S;False;False
22454;коза;коза;S;False;False
22215;гадать;гадать;V;False;False
22199;повышение;повышение;S;False;False
22167;рамблер;рамблер;S;False;False
21573;сезон;сезон;S;False;False
21236;последний;последний;A;False;False
20909;новость;новость;S;False;False
20838;присниться;присниться;V;False;False
19898;володина;володина;S;False;False
19101;г;г;S;False;False
18664;распечатывать;распечатывать;V;False;False
18638;руны;руны;S;False;False
18605;беременность;беременность;S;False;False
18364;змея;змея;S;False;False
18271;линия;линия;S;False;False
17821;астрологический;астрологический;A;False;False
17424;число;число;S;False;False
17393;полнолуние;полнолуние;S;False;False
16621;хиромантия;хиромантия;S;False;False
16612;китайский;китайский;A;False;False
16597;я;я;SPRO;False;False
16262;руно;руно;S;False;False
16101;украина;украина;S;False;False
16066;доллар;доллар;S;False;False
15894;тест;тест;S;False;False
15889;фото;фото;S;False;False
15497;юнона;юнона;S;False;False
15488;их;их;APRO;False;False
15404;производственный;производственный;A;False;False
15392;жизнь;жизнь;S;False;False
15134;джулия;джулия;S;False;False
15092;расти;расти;V;False;False
14990;ру;ру;None;False;True
14565;ждать;ждать;V;False;False
14203;происхождение;происхождение;S;False;False
14085;свой;свой;APRO;False;False
13902;майл;майл;S;False;False
13804;молитва;молитва;S;False;False
13596;овца;овца;S;False;False
13557;смотреть;смотреть;V;False;False
13546;человек;человек;S;False;False
13236;погадать;погадать;V;False;False
13172;отдыхать;отдыхать;V;False;False
13013;серия;серия;S;False;False
12875;кошка;кошка;S;False;False
12832;октябрь;октябрь;S;False;False
12795;о;о;PR;False;False
12643;ru;ru;None;False;True
12377;или;или;CONJ;False;False
12338;симптом;симптом;S;False;False
12293;сценарий;сценарий;S;False;False
12174;близкий;близкий;A;False;False
12087;январь;январь;S;False;False
12048;сейчас;сейчас;ADV;False;False
11743;ребенок;ребенок;S;False;False
11647;новогодний;новогодний;A;False;False
11520;военный;военный;A,S;False;False
11323;новолуние;новолуние;S;False;False
11247;ли;ли;PART,CONJ;False;False
11232;у;у;PR;False;False
10974;володин;володин;S;False;False
10945;корпоратив;корпоратив;S;False;False
10853;деньги;деньги;S;False;False
10762;ujhjcrjg;ujhjcrjg;None;False;True
10676;крыса;крыса;S;False;False
10616;свадьба;свадьба;S;False;False
10323;примета;примета;S;False;False
10283;пенсионер;пенсионер;S;False;False
10252;налог;налог;S;False;False
10243;cjyybr;cjyybr;None;False;True
10190;татьяна;татьяна;S;False;False
10000;видеть;видеть;V;False;False
9988;курс;курс;S;False;False
9982;рабочий;рабочий;A;False;False
9924;обозначать;обозначать;V;False;False
9850;воспаление;воспаление;S;False;False
9796;красивый;красивый;A;False;False
9735;анастасия;анастасия;S;False;False
9651;архангел;архангел;S;False;False
9609;биография;биография;S;False;False
9422;русский;русский;S,A;False;False
9228;заговор;заговор;S;False;False
9197;александр;александр;S;False;False
9091;уже;уже;ADV;False;False
9066;характер;характер;S;False;False
8959;легкое;легкое;S;False;False
8955;нива;нива;S;False;False
8931;тот;тот;APRO;False;False
8749;список;список;S;False;False
8620;окулус;окулус;S;True;False
8612;именины;именины;S;False;False
8550;прикол;прикол;S;False;False
8511;чихалка;чихалка;S;False;False
8369;любимый;любимый;A;False;False
8303;ты;ты;SPRO;False;False
8194;натальный;натальный;A;False;False
8126;называть;называть;V;False;False
8059;при;при;PR;False;False
7903;окрашивание;окрашивание;S;False;False
7783;цвет;цвет;S;False;False
7678;анна;анна;S;False;False
7642;встречать;встречать;V;False;False
7582;парень;парень;S;False;False
7568;себя;себя;SPRO;False;False
7529;брак;брак;S;False;False
7469;православный;православный;A;False;False
7420;современный;современный;A;False;False
7409;церковный;церковный;A;False;False
7321;который;который;APRO;False;False
7273;мышь;мышь;S;False;False
7272;тайна;тайна;S;False;False
7229;стричь;стричь;V;False;False
7202;он;он;SPRO;False;False
7138;кровь;кровь;S;False;False
7123;дом;дом;S;False;False
7090;весь;весь;APRO;False;False
7073;ленорман;ленорман;S;True;False
7006;утверждать;утверждать;V;False;False
6961;мусульманский;мусульманский;A;False;False
6932;рф;рф;S;False;False
6902;павел;павел;S;False;False
6894;тельце;тельце;S;False;False
6880;лошадь;лошадь;S;False;False
6867;прошлый;прошлый;A;False;False
6842;сколько;сколько;ADV,CONJ;False;False
6835;стол;стол;S;False;False
6829;без;без;PR;False;False
6803;правительство;правительство;S;False;False
6748;читать;читать;V;False;False
6743;желание;желание;S;False;False
6724;чем;чем;CONJ;False;False
6650;котенок;котенок;S;False;False
6613;индексация;индексация;S;False;False
6606;имущество;имущество;S;False;False
6551;паук;паук;S;False;False
6509;астромеридиан;астромеридиан;S;True;False
6467;сбываться;сбываться;V;False;False
6434;гавно;гавно;S;False;False
6415;украшать;украшать;V;False;False
6369;символ;символ;S;False;False
6208;дмитрий;дмитрий;S;False;False
6205;лицо;лицо;S;False;False
6128;игральный;игральный;A;False;False
6128;цена;цена;S;False;False
6102;астропрогноз;астропрогноз;S;True;False
6096;народный;народный;A;False;False
5980;беременный;беременный;A;False;False
5957;максим;максим;S;False;False
5954;вера;вера;S;False;False
5935;физический;физический;A;False;False
5883;самый;самый;APRO;False;False
5878;екатерина;екатерина;S;False;False
5854;сергей;сергей;S;False;False
5828;удача;удача;S;False;False
5689;расклад;расклад;S;False;False
5679;шевроле;шевроле;S;False;False
5656;другой;другой;APRO;False;False
5648;до;до;PR,S;False;False
5597;война;война;S;False;False
5573;из;из;PR;False;False
5564;буря;буря;S;False;False
5552;дарья;дарья;S;False;False
5552;ноябрьский;ноябрьский;A;False;False
5531;елена;елена;S;False;False
5492;платье;платье;S;False;False
5440;убывать;убывать;V;False;False
5378;кличка;кличка;S;False;False
5320;узнавать;узнавать;V;False;False
5293;живой;живой;A;False;False
5279;домашний;домашний;A;False;False
5277;бесплатный;бесплатный;A;False;False
5263;сутки;сутки;S;False;False
5261;толковый;толковый;A;False;False
5256;рассчитать;рассчитать;V;False;False
5247;пифагор;пифагор;S;False;False
5167;ольга;ольга;S;False;False
5151;андрей;андрей;S;False;False
5131;магнитный;магнитный;A;False;False
5130;пожар;пожар;S;False;False
5127;покойник;покойник;S;False;False
5094;зуб;зуб;S;False;False
5094;индийский;индийский;A;False;False
5078;расшифровка;расшифровка;S;False;False
5077;девушка;девушка;S;False;False
5020;мария;мария;S;False;False
4972;значить;значить;V;False;False
4952;гриб;гриб;S;False;False
4911;большой;большой;A;False;False
4908;сайт;сайт;S;False;False
4838;посмотреть;посмотреть;V;False;False
4813;зарплата;зарплата;S;False;False
4800;сало;сало;S;False;False
4798;поздравление;поздравление;S;False;False
4727;квадрат;квадрат;S;False;False
4700;костюм;костюм;S;False;False
4642;официальный;официальный;A;False;False
4628;рожать;рожать;V;False;False
4608;время;время;S;False;False
4574;игнио;игнио;S;True;False
4558;татарский;татарский;A;False;False
4548;бывший;бывший;A;False;False
4528;рассол;рассол;S;False;False
4513;старинный;старинный;A;False;False
4495;кот;кот;S;False;False
4470;полина;полина;S;False;False
4466;таракан;таракан;S;False;False
4412;магия;магия;S;False;False
4392;глоб;глоб;S;True;False
4386;скачать;скачать;V;False;False
4383;цыганский;цыганский;A;False;False
4380;вода;вода;S;False;False
4331;ирина;ирина;S;False;False
4288;условие;условие;S;False;False
4283;огородник;огородник;S;False;False
4251;работать;работать;V;False;False
4237;артем;артем;S;False;False
4212;это;это;SPRO;False;False
4194;великий;великий;A;False;False
4190;ларина;ларина;S;False;False
4183;стихия;стихия;S;False;False
4165;выпуск;выпуск;S;False;False
4137;следующий;следующий;A;False;False
4128;медведь;медведь;S;False;False
4126;снег;снег;S;False;False
4125;немецкий;немецкий;A;False;False
4095;михаил;михаил;S;False;False
4049;обои;обои;S;False;False
4047;секс;секс;S;False;False
3977;мать;мать;S;False;False
3949;погода;погода;S;False;False
3927;кладбище;кладбище;S;False;False
3918;психологический;психологический;A;False;False
3872;играть;играть;V;False;False
3828;возраст;возраст;S;False;False
3813;признак;признак;S;False;False
3811;еврейский;еврейский;A;False;False
3801;модель;модель;S;False;False
3793;кольцо;кольцо;S;False;False
3732;марина;марина;S;False;False
3706;свадебный;свадебный;A;False;False
3698;май;май;S;False;False
3697;об;об;PR;False;False
3692;японский;японский;A;False;False
3688;порча;порча;S;False;False
3662;смешной;смешной;A;False;False
3657;вошь;вошь;S;False;False
3633;про;про;PR;False;False
3626;бюджетник;бюджетник;S;False;False
3619;виктория;виктория;S;False;False
3612;матвей;матвей;S;False;False
3536;смерть;смерть;S;False;False
3526;растолкование;растолкование;S;False;False
3521;светлана;светлана;S;False;False
3520;работа;работа;S;False;False
3504;московский;московский;A;False;False
3504;никита;никита;S;False;False
3498;алексей;алексей;S;False;False
3495;матрона;матрона;S;False;False
3493;точный;точный;A;False;False
3474;алин;алин;S;False;False
3474;муж;муж;S;False;False
3464;нерабочий;нерабочий;A;False;False
3425;регистрация;регистрация;S;False;False
3358;плакать;плакать;V;False;False
3353;правдивый;правдивый;A;False;False
3333;лион;лион;S;False;False
3330;кирилл;кирилл;S;False;False
3328;садовод;садовод;S;False;False
3305;божий;божий;A;False;False
3260;иван;иван;S;False;False
3252;казанский;казанский;A;False;False
3220;море;море;S;False;False
3209;можно;можно;ADV;False;False
3198;отчество;отчество;S;False;False
3192;евгений;евгений;S;False;False
3190;настя;настя;S;False;False
3188;даниил;даниил;S;False;False
3178;друид;друид;S;False;False
3155;квартира;квартира;S;False;False
3149;экономический;экономический;A;False;False
3085;илья;илья;S;False;False
3080;алфавит;алфавит;S;False;False
3076;газета;газета;S;False;False
3068;выходить;выходить;V;False;False
3068;замуж;замуж;ADV;False;False
3043;формат;формат;S;False;False
3024;нравиться;нравиться;V;False;False
3019;rambler;rambler;None;False;True
2990;астрология;астрология;S;False;False
2983;измена;измена;S;False;False
2963;февраль;февраль;S;False;False
2960;а;а;CONJ,S;False;False
2929;пост;пост;S;False;False
2913;ангел;ангел;S;False;False
2903;елизавета;елизавета;S;False;False
2893;мы;мы;SPRO;False;False
2892;ладонь;ладонь;S;False;False
2886;пасха;пасха;S;False;False
2879;виртуальный;виртуальный;A;False;False
2870;стих;стих;S;False;False
2843;текст;текст;S;False;False
2828;вещий;вещий;A;False;False
2810;июль;июль;S;False;False
2802;настоящий;настоящий;A;False;False
2790;нужно;нужно;ADV;False;False
2783;младенец;младенец;S;False;False
2780;пророчество;пророчество;S;False;False
2773;прическа;прическа;S;False;False
2766;каждый;каждый;APRO;False;False
2766;суббота;суббота;S;False;False
2756;много;много;ADV;False;False
2747;ицзин;ицзин;S;True;False
2744;собирать;собирать;V;False;False
2713;пятница;пятница;S;False;False
2693;картинка;картинка;S;False;False
2691;гексаграмм;гексаграмм;S;True;False
2682;ангина;ангина;S;False;False
2677;цветок;цветок;S;False;False
2676;понедельник;понедельник;S;False;False
2673;учебный;учебный;A;False;False
2667;поезд;поезд;S;False;False
2653;наталья;наталья;S;False;False
2651;мясо;мясо;S;False;False
2622;шуточный;шуточный;A;False;False
2617;мама;мама;S;False;False
2605;варвара;варвара;S;False;False
2579;www;www;None;False;True
2572;король;король;S;False;False
2561;косынка;косынка;S;False;False
2560;яблоко;яблоко;S;False;False
2559;выпадать;выпадать;V;False;False
2552;участник;участник;S;False;False
2545;ситуация;ситуация;S;False;False
2539;маленький;маленький;A;False;False
2509;воскресение;воскресение;S;False;False
2500;необычный;необычный;A;False;False
2498;астролог;астролог;S;False;False
2493;зима;зима;S;False;False
2465;простатит;простатит;S;False;False
2453;март;март;S;False;False
2448;взрослый;взрослый;S,A;False;False
2436;катя;катя;S;False;False
2432;беда;беда;S;False;False
2432;неожиданный;неожиданный;A;False;False
2432;постигать;постигать;V;False;False
2432;удар;удар;S;False;False
2409;умерший;умерший;S,A;False;False
2372;икона;икона;S;False;False
2371;они;они;SPRO;False;False
2357;похороны;похороны;S;False;False
2341;сьогодні;сьогодні;None;False;True
2319;ксения;ксения;S;False;False
2312;екатерининский;екатерининский;A;False;False
2307;юлия;юлия;S;False;False
2305;мыть;мыть;V;False;False
2302;сглаз;сглаз;S;False;False
2289;владислав;владислав;S;False;False
2274;шепс;шепс;S;True;False
2265;стишок;стишок;S;False;False
2260;москва;москва;S;False;False
2251;расчет;расчет;S;False;False
2250;mail;mail;None;False;True
2245;роман;роман;S;False;False
2243;марта;марта;S;False;False
2236;живот;живот;S;False;False
2235;апрель;апрель;S;False;False
2230;французский;французский;A;False;False
2229;подарить;подарить;V;False;False
2215;игорь;игорь;S;False;False
2212;летать;летать;V;False;False
2208;масленица;масленица;S;False;False
2198;sonnik;sonnik;None;False;True
2194;диана;диана;S;False;False
2186;думать;думать;V;False;False
2186;обо;обо;PR;False;False
2166;славянский;славянский;A;False;False
2155;николай;николай;S;False;False
2140;подарок;подарок;S;False;False
2138;владимир;владимир;S;False;False
2137;личный;личный;A;False;False
2096;эзотерика;эзотерика;S;False;False
2093;красный;красный;A;False;False
2092;ignio;ignio;None;False;True
2081;старость;старость;S;False;False
2077;приворот;приворот;S;False;False
2074;снимать;снимать;V;False;False
2064;бумажный;бумажный;A;False;False
2027;кристина;кристина;S;False;False
2026;вторник;вторник;S;False;False
2021;гадалка;гадалка;S;False;False
2019;капуста;капуста;S;False;False
2005;давать;давать;V;False;False
2002;меню;меню;S;False;False
1988;золото;золото;S;False;False
1983;шашка;шашка;S;False;False
1981;туберкулез;туберкулез;S;False;False
1980;крокодил;крокодил;S;False;False
1961;длинный;длинный;A;False;False
1959;сырой;сырой;A;False;False
1953;инфляция;инфляция;S;False;False
1952;глоба;глоба;S;False;False
1935;индивидуальный;индивидуальный;A;False;False
1933;сниматься;сниматься;V;False;False
1931;калькулятор;калькулятор;S;False;False
1930;мой;мой;APRO;False;False
1919;ведьма;ведьма;S;False;False
1899;лечение;лечение;S;False;False
1898;самолет;самолет;S;False;False
1895;вопрос;вопрос;S;False;False
1895;каникулы;каникулы;S;False;False
1893;софья;софья;S;False;False
1883;недвижимость;недвижимость;S;False;False
1880;таблица;таблица;S;False;False
1880;такой;такой;APRO;False;False
1878;церковь;церковь;S;False;False
1874;средство;средство;S;False;False
1872;уход;уход;S;False;False
1868;самостоятельно;самостоятельно;ADV;False;False
1865;марк;марк;S;False;False
1852;со;со;PR;False;False
1837;goroskop;goroskop;None;False;True
1834;дельфин;дельфин;S;False;False
1827;валерий;валерий;S;False;False
1825;сегодняшний;сегодняшний;A;False;False
1816;поцелуй;поцелуй;S;False;False
1811;подходить;подходить;V;False;False
1808;мессинг;мессинг;S;True;False
1799;яйцо;яйцо;S;False;False
1797;роды;роды;S;False;False
1795;бумага;бумага;S;False;False
1788;разговаривать;разговаривать;V;False;False
1783;могила;могила;S;False;False
1781;заканчиваться;заканчиваться;V;False;False
1774;сентябрь;сентябрь;S;False;False
1762;порядок;порядок;S;False;False
1761;uflfybt;uflfybt;None;False;True
1758;тигр;тигр;S;False;False
1750;солить;солить;V;False;False
1742;фрейд;фрейд;S;False;False
1741;целоваться;целоваться;V;False;False
1731;бабушка;бабушка;S;False;False
1731;талисман;талисман;S;False;False
1729;денис;денис;S;False;False
1727;огонь;огонь;S;False;False
1714;популярный;популярный;A;False;False
1697;обезьяна;обезьяна;S;False;False
1694;пожениться;пожениться;V;False;False
1687;пол;пол;S;False;False
1683;yf;yf;None;False;True
1683;бык;бык;S;False;False
1679;четверг;четверг;S;False;False
1662;кризис;кризис;S;False;False
1660;вадим;вадим;S;False;False
1659;июнь;июнь;S;False;False
1651;персональный;персональный;A;False;False
1648;становиться;становиться;V;False;False
1632;карина;карина;S;False;False
1631;золотой;золотой;A;False;False
1629;двойняшка;двойняшка;S;False;False
1626;суеверие;суеверие;S;False;False
1612;животный;животный;A;False;False
1600;неблагоприятный;неблагоприятный;A;False;False
1597;даша;даша;S;False;False
1596;матка;матка;S;False;False
1591;корова;корова;S;False;False
1589;комната;комната;S;False;False
1589;нож;нож;S;False;False
1577;разгадка;разгадка;S;False;False
1577;шар;шар;S;False;False
1575;дерево;дерево;S;False;False
1571;маргарита;маргарита;S;False;False
1569;жена;жена;S;False;False
1568;демон;демон;S;False;False
1568;феломена;феломена;S;False;False
1563;олег;олег;S;False;False
1560;егор;егор;S;False;False
1559;стрела;стрела;S;False;False
1554;голова;голова;S;False;False
1549;украшение;украшение;S;False;False
1541;ульяна;ульяна;S;False;False
1531;гроб;гроб;S;False;False
1531;транспортный;транспортный;A;False;False
1530;мировой;мировой;A;False;False
1530;третий;третий;ANUM;False;False
1526;понимать;понимать;V;False;False
1520;волк;волк;S;False;False
1514;синастрий;синастрий;S;True;False
1512;посевной;посевной;A;False;False
1499;умирать;умирать;V;False;False
1493;мэрилин;мэрилин;S;False;False
1465;свинья;свинья;S;False;False
1464;меридиан;меридиан;S;False;False
1463;зеркало;зеркало;S;False;False
1462;нумероскоп;нумероскоп;S;False;False
1457;всегда;всегда;ADVPRO;False;False
1442;стоить;стоить;V;False;False
1439;константин;константин;S;False;False
1435;елка;елка;S;False;False
1431;за;за;PR;False;False
1425;снів;снів;None;False;True
1422;земля;земля;S;False;False
1420;второй;второй;ANUM;False;False
1414;корона;корона;S;False;False
1411;компьютер;компьютер;S;False;False
1410;боль;боль;S;False;False
1406;лиза;лиза;S;False;False
1405;английский;английский;A;False;False
1401;месячный;месячный;A;False;False
1396;хранитель;хранитель;S;False;False
1380;итальянский;итальянский;A;False;False
1378;даматаро;даматаро;S;True;False
1377;школа;школа;S;False;False
1373;месячные;месячные;S;False;False
1373;сооник;сооник;S;True;False
1371;укусить;укусить;V;False;False
1370;дождь;дождь;S;False;False
1368;анекдот;анекдот;S;False;False
1367;керро;керро;S;True;False
1366;arhangel;arhangel;None;False;True
1366;лечить;лечить;V;False;False
1365;ранний;ранний;A;False;False
1359;антон;антон;S;False;False
1356;сексуальный;сексуальный;A;False;False
1354;дракон;дракон;S;False;False
1351;арина;арина;S;False;False
1351;далеко;далеко;ADV;False;False
1349;сочетание;сочетание;S;False;False
1349;чей;чей;APRO;False;False
1347;политолог;политолог;S;False;False
1343;софия;софия;S;False;False
1338;ловить;ловить;V;False;False
1338;приглашение;приглашение;S;False;False
1327;маил;маил;S;False;False
1326;прикольный;прикольный;A;False;False
1317;червь;червь;S;False;False
1299;похудение;похудение;S;False;False
1296;башкирия;башкирия;S;False;False
1296;пшеница;пшеница;S;False;False
1295;астроцентр;астроцентр;S;True;False
1295;процент;процент;S;False;False
1284;выпадение;выпадение;S;False;False
1281;вероника;вероника;S;False;False
1262;знаменательный;знаменательный;A;False;False
1260;увеличение;увеличение;S;False;False
1259;антибиотик;антибиотик;S;False;False
1259;цыганка;цыганка;S;False;False
1257;галина;галина;S;False;False
1257;кролик;кролик;S;False;False
1255;почему;почему;ADVPRO;False;False
1254;запах;запах;S;False;False
1254;редкий;редкий;A;False;False
1242;ноготь;ноготь;S;False;False
1240;задиак;задиак;S;True;False
1235;кира;кира;S;False;False
1234;болеть;болеть;V;False;False
1234;цветочный;цветочный;A;False;False
1225;виталий;виталий;S;False;False
1218;монета;монета;S;False;False
1216;вольф;вольф;S;False;False
1209;oculus;oculus;None;False;True
1198;биоритм;биоритм;S;False;False
1190;снеговик;снеговик;S;False;False
1189;баба;баба;S;False;False
1188;виноград;виноград;S;False;False
1184;черепаха;черепаха;S;False;False
1181;валентина;валентина;S;False;False
1175;сибирский;сибирский;A;False;False
1175;целительница;целительница;S;False;False
1174;надежда;надежда;S;False;False
1173;цыган;цыган;S;False;False
1170;тимур;тимур;S;False;False
1166;людмила;людмила;S;False;False
1162;исламский;исламский;A;False;False
1161;открытка;открытка;S;False;False
1159;майя;майя;S;False;False
1158;кашель;кашель;S;False;False
1158;любить;любить;V;False;False
1157;убийство;убийство;S;False;False
1156;самогон;самогон;S;False;False
1154;украинский;украинский;A;False;False
1153;ехать;ехать;V;False;False
1149;зодиакальный;зодиакальный;A;False;False
1147;готовить;готовить;V;False;False
1147;греческий;греческий;A;False;False
1141;кусать;кусать;V;False;False
1140;где;где;ADVPRO;False;False
1140;подробный;подробный;A;False;False
1136;молоко;молоко;S;False;False
1131;astromeridian;astromeridian;None;False;True
1130;начинающий;начинающий;S;False;False
1130;цветков;цветков;S;False;False
1129;зимний;зимний;A;False;False
1127;зороастрийский;зороастрийский;A;True;False
1126;чувство;чувство;S;False;False
1125;венера;венера;S;False;False
1124;учитель;учитель;S;False;False
1123;троица;троица;S;False;False
1122;календар;календар;S;True;False
1121;свежий;свежий;A;False;False
1120;белый;белый;A;False;False
1120;нострадамус;нострадамус;S;True;False
1120;стадия;стадия;S;False;False
1114;алена;алена;S;False;False
1114;засолка;засолка;S;False;False
1112;исполнение;исполнение;S;False;False
1102;iq;iq;None;False;True
1099;отзыв;отзыв;S;False;False
1096;jykfqy;jykfqy;None;False;True
1095;astrocentr;astrocentr;None;False;True
1095;танцевать;танцевать;V;False;False
1095;экономика;экономика;S;False;False
1092;алекперов;алекперов;S;False;False
1092;хаяла;хаяла;S;False;False
1086;сильный;сильный;A;False;False
1076;вы;вы;SPRO;False;False
1075;сонік;сонік;None;False;True
1074;пузырь;пузырь;S;False;False
1067;кормить;кормить;V;False;False
1066;дрожжи;дрожжи;S;False;False
1066;неприятный;неприятный;A;False;False
1064;если;если;CONJ;False;False
1057;хорошо;хорошо;ADV;False;False
1056;среда;среда;S;False;False
1054;родинка;родинка;S;False;False
1051;отец;отец;S;False;False
1049;ночь;ночь;S;False;False
1048;надо;надо;ADV;False;False
1035;оставаться;оставаться;V;False;False
1035;стричься;стричься;V;False;False
1034;интерпретация;интерпретация;S;False;False
1034;пермский;пермский;A;False;False
1032;богородица;богородица;S;False;False
1032;оксана;оксана;S;False;False
1031;икалка;икалка;S;True;False
1025;губа;губа;S;False;False
1023;геомагнитный;геомагнитный;A;False;False
1023;обстановка;обстановка;S;False;False
1012;плавать;плавать;V;False;False
1009;су;су;S;False;False
992;глеб;глеб;S;False;False
990;квашение;квашение;S;False;False
988;листопад;листопад;S;False;False
988;лунний;лунний;A;True;False
988;машина;машина;S;False;False
986;название;название;S;False;False
982;мысль;мысль;S;False;False
980;википедия;википедия;S;False;False
980;покупка;покупка;S;False;False
977;тело;тело;S;False;False
976;драка;драка;S;False;False
974;велосипед;велосипед;S;False;False
974;попугай;попугай;S;False;False
972;лягушка;лягушка;S;False;False
970;блоха;блоха;S;False;False
968;испанский;испанский;A;False;False
964;желчный;желчный;A;False;False
958;август;август;S;False;False
957;делать;делать;V;False;False
955;пенсионный;пенсионный;A;False;False
954;александра;александра;S;False;False
952;петрушка;петрушка;S;False;False
951;внучка;внучка;S;False;False
949;астроскоп;астроскоп;S;False;False
944;мир;мир;S;False;False
942;случай;случай;S;False;False
942;толковання;толковання;S;True;False
941;рецепт;рецепт;S;False;False
940;дима;дима;S;False;False
940;после;после;PR;False;False
937;черный;черный;A;False;False
930;петух;петух;S;False;False
923;выделение;выделение;S;False;False
923;грудь;грудь;S;False;False
920;обручальный;обручальный;A;False;False
918;голубь;голубь;S;False;False
913;чудотворец;чудотворец;S;False;False
911;египетский;египетский;A;False;False
908;мадам;мадам;S;False;False
908;рекамье;рекамье;S;False;False
905;зараев;зараев;S;True;False
905;цифра;цифра;S;False;False
903;палочка;палочка;S;False;False
901;юрий;юрий;S;False;False
894;гастрит;гастрит;S;False;False
894;порода;порода;S;False;False
893;комнатный;комнатный;A;False;False
893;песня;песня;S;False;False
890;online;online;None;False;True
887;капитал;капитал;S;False;False
887;материнский;материнский;A;False;False
885;попадать;попадать;V;False;False
885;прием;прием;S;False;False
884;составлять;составлять;V;False;False
883;uflfybz;uflfybz;None;False;True
883;час;час;S;False;False
881;сердце;сердце;S;False;False
870;predskazanie;predskazanie;None;False;True
870;хлеб;хлеб;S;False;False
868;novosti;novosti;None;False;True
868;russian;russian;None;False;True
863;рефлюкс;рефлюкс;A;True;False
863;родственник;родственник;S;False;False
861;головка;головка;S;False;False
858;алиса;алиса;S;False;False
858;беларусь;беларусь;S;False;False
858;фен;фен;S;False;False
858;шуя;шуя;S;False;False
857;наташа;наташа;S;False;False
854;подруга;подруга;S;False;False
853;автомобиль;автомобиль;S;False;False
853;грязь;грязь;S;False;False
851;диета;диета;S;False;False
851;первый;первый;ANUM;False;False
850;правда;правда;ADV;False;False
847;воск;воск;S;False;False
844;horo;horo;None;False;True
842;ярослав;ярослав;S;False;False
840;сценка;сценка;S;False;False
838;пара;пара;S;False;False
837;растение;растение;S;False;False
836;дарить;дарить;V;False;False
835;звездный;звездный;A;False;False
833;язык;язык;S;False;False
829;иностранный;иностранный;A;False;False
829;проходить;проходить;V;False;False
828;тамара;тамара;S;False;False
825;виктор;виктор;S;False;False
825;горос;горос;S;True;False
823;нина;нина;S;False;False
821;кошачий;кошачий;A;False;False
821;мейл;мейл;S;False;False
819;башаров;башаров;S;False;False
818;птица;птица;S;False;False
817;степан;степан;S;False;False
812;похудеть;похудеть;V;False;False
811;заставка;заставка;S;False;False
809;грудной;грудной;A;False;False
806;родитель;родитель;S;False;False
805;ко;ко;PR;False;False
803;крупный;крупный;A;False;False
803;статуэтка;статуэтка;S;False;False
799;нумерологический;нумерологический;A;True;False
798;определять;определять;V;False;False
795;астросфера;астросфера;S;True;False
792;astrogift;astrogift;None;False;True
789;курить;курить;V;False;False
788;перенос;перенос;S;False;False
788;пересадка;пересадка;S;False;False
785;лариса;лариса;S;False;False
784;последствие;последствие;S;False;False
778;кишечник;кишечник;S;False;False
777;муха;муха;S;False;False
777;ясновидящий;ясновидящий;A;False;False
774;панкреатит;панкреатит;S;False;False
772;разгадывание;разгадывание;S;False;False
771;колесо;колесо;S;False;False
770;привлекать;привлекать;V;False;False
767;щенок;щенок;S;False;False
765;библиотекарь;библиотекарь;S;False;False
765;детский;детский;A;False;False
759;нога;нога;S;False;False
756;окраска;окраска;S;False;False
754;картошка;картошка;S;False;False
752;реформа;реформа;S;False;False
751;запор;запор;S;False;False
749;ручка;ручка;S;False;False
749;эксперт;эксперт;S;False;False
748;нападать;нападать;V;False;False
743;горскоп;горскоп;S;True;False
742;глиста;глиста;S;False;False
739;денежный;денежный;A;False;False
738;ctujlyz;ctujlyz;None;False;True
738;полиция;полиция;S;False;False
733;авария;авария;S;False;False
733;богдан;богдан;S;False;False
732;научаться;научаться;V;False;False
730;не;не;PART;False;False
726;красота;красота;S;False;False
725;мрот;мрот;S;False;False
724;дочка;дочка;S;False;False
722;бассейн;бассейн;S;False;False
721;область;область;S;False;False
718;марат;марат;S;False;False
718;святцы;святцы;S;False;False
717;психика;психика;S;False;False
715;слеза;слеза;S;False;False
714;пятно;пятно;S;False;False
712;ежедневный;ежедневный;A;False;False
709;банк;банк;S;False;False
706;horoscopes;horoscopes;None;False;True
706;печать;печать;S;False;False
703;org;org;None;False;True
703;польский;польский;A;False;False
703;тюрьма;тюрьма;S;False;False
700;лифт;лифт;S;False;False
697;азы;азы;S;False;False
697;описание;описание;S;False;False
697;юля;юля;S;False;False
695;афоризм;афоризм;S;False;False
695;клубника;клубника;S;False;False
695;разъяснение;разъяснение;S;False;False
691;армянский;армянский;A;False;False
690;вокзал;вокзал;S;False;False
690;двое;двое;NUM;False;False
690;слон;слон;S;False;False
689;доставлять;доставлять;V;False;False
689;секрет;секрет;S;False;False
689;удовольствие;удовольствие;S;False;False
688;цзин;цзин;S;True;False
686;памятный;памятный;A;False;False
685;финансовый;финансовый;A;False;False
682;пошлый;пошлый;A;False;False
678;растолковывать;растолковывать;V;False;False
677;наш;наш;APRO;False;False
677;отче;отче;S;False;False
675;огурец;огурец;S;False;False
673;игра;игра;S;False;False
673;рождественский;рождественский;A;False;False
672;купюра;купюра;S;False;False
669;арбуз;арбуз;S;False;False
668;убивать;убивать;V;False;False
668;хороший;хороший;A;False;False
663;муравей;муравей;S;False;False
663;руслан;руслан;S;False;False
660;река;река;S;False;False
659;жить;жить;V;False;False
657;пупок;пупок;S;False;False
657;разгадывать;разгадывать;V;False;False
656;смс;смс;S;False;False
656;трудовой;трудовой;A;False;False
656;чужой;чужой;A;False;False
655;блюдо;блюдо;S;False;False
654;gadanie;gadanie;None;False;True
653;георгий;георгий;S;False;False
653;лиса;лиса;S;False;False
650;орхидея;орхидея;S;False;False
647;способность;способность;S;False;False
647;торговля;торговля;S;False;False
647;экстрасенсорный;экстрасенсорный;A;False;False
646;нос;нос;S;False;False
645;фортуна;фортуна;S;False;False
644;ведический;ведический;A;False;False
638;инна;инна;S;False;False
637;начинаться;начинаться;V;False;False
636;зачатие;зачатие;S;False;False
634;лететь;лететь;V;False;False
633;автобус;автобус;S;False;False
628;венчание;венчание;S;False;False
628;кармический;кармический;A;True;False
627;казахский;казахский;A;False;False
627;пчела;пчела;S;False;False
626;ключ;ключ;S;False;False
625;единственный;единственный;A;False;False
625;организация;организация;S;False;False
623;инет;инет;S;False;False
623;равный;равный;A;False;False
621;евгения;евгения;S;False;False
621;обозначение;обозначение;S;False;False
620;мо;мо;S;False;False
619;ангелин;ангелин;S;False;False
616;орг;орг;S;True;False
614;рыбка;рыбка;S;False;False
613;воронин;воронин;S;False;False
611;старорусский;старорусский;A;False;False
610;пособие;пособие;S;False;False
609;больница;больница;S;False;False
609;раскладывать;раскладывать;V;False;False
609;фотография;фотография;S;False;False
608;аметист;аметист;S;False;False
601;психоматрица;психоматрица;S;True;False
600;путин;путин;S;False;False
599;совмещение;совмещение;S;False;False
598;тлумаченний;тлумаченний;A;True;False
597;гараскоп;гараскоп;S;True;False
588;лена;лена;S;False;False
587;президент;президент;S;False;False
587;ухо;ухо;S;False;False
587;цветовод;цветовод;S;False;False
586;рождаться;рождаться;V;False;False
585;выплата;выплата;S;False;False
585;декретный;декретный;A;False;False
584;дзен;дзен;S;True;False
584;ошо;ошо;S;True;False
581;насморк;насморк;S;False;False
580;наводнение;наводнение;S;False;False
579;алина;алина;S;False;False
579;дорога;дорога;S;False;False
579;здоровье;здоровье;S;False;False
577;пьянство;пьянство;S;False;False
577;уходить;уходить;V;False;False
576;куриный;куриный;A;False;False
575;торт;торт;S;False;False
573;латинский;латинский;A;False;False
572;гипноз;гипноз;S;False;False
572;родить;родить;V;False;False
570;федор;федор;S;False;False
568;таймер;таймер;S;False;False
567;литвин;литвин;S;False;False
567;тимофей;тимофей;S;False;False
566;семечко;семечко;S;False;False
565;вес;вес;S;False;False
565;дюкать;дюкать;V;True;False
565;смысл;смысл;S;False;False
564;соннник;соннник;S;True;False
563;больший;больший;A;False;False
561;палец;палец;S;False;False
560;ежик;ежик;S;False;False
559;bvtyf;bvtyf;None;False;True
558;интересный;интересный;A;False;False
555;операция;операция;S;False;False
555;чупакабр;чупакабр;S;True;False
554;волжский;волжский;A;False;False
554;саратов;саратов;S;False;False
552;rfktylfhm;rfktylfhm;None;False;True
552;госслужащий;госслужащий;S;False;False
551;вячеслав;вячеслав;S;False;False
549;кофе;кофе;S;False;False
548;ипать;ипать;V;False;False
546;зурхай;зурхай;S;True;False
545;избивать;избивать;V;False;False
543;сделать;сделать;V;False;False
542;незнакомый;незнакомый;A;False;False
540;рифма;рифма;S;False;False
539;астро;астро;S;True;False
538;туалет;туалет;S;False;False
537;четыре;четыре;NUM;False;False
536;аркан;аркан;S;False;False
536;магнитная;магнитная;S;False;False
535;одноклассник;одноклассник;S;False;False
534;беременная;беременная;S;False;False
534;срок;срок;S;False;False
533;гомно;гомно;ADV;True;False
533;прикольно;прикольно;ADV;False;False
533;татарстан;татарстан;S;False;False
533;человеческий;человеческий;A;False;False
529;ссоник;ссоник;S;True;False
528;свойство;свойство;S;False;False
526;маша;маша;S;False;False
525;коран;коран;S;False;False
525;склоняться;склоняться;V;False;False
525;сунна;сунна;S;False;False
525;тиждень;тиждень;S;True;False
523;дама;дама;S;False;False
522;гуа;гуа;S;True;False
521;гов;гов;S;True;False
519;обувь;обувь;S;False;False
518;влад;влад;S;False;False
518;станислав;станислав;S;False;False
517;баня;баня;S;False;False
517;курица;курица;S;False;False
517;лестница;лестница;S;False;False
516;лес;лес;S;False;False
516;правильно;правильно;ADV;False;False
510;тайфун;тайфун;S;False;False
509;переезд;переезд;S;False;False
508;альбина;альбина;S;False;False
508;лидия;лидия;S;False;False
508;сбербанк;сбербанк;S;False;False
505;паутина;паутина;S;False;False
505;помидор;помидор;S;False;False
504;сонни;сонни;S;True;False
504;укус;укус;S;False;False
503;гастральный;гастральный;A;True;False
503;дуодено;дуодено;ADV;True;False
503;папин;папин;A;False;False
503;рунет;рунет;S;False;False
502;яна;яна;S;False;False
501;летучий;летучий;A;False;False
500;экономист;экономист;S;False;False
498;алла;алла;S;False;False
497;затмение;затмение;S;False;False
493;рост;рост;S;False;False
492;голый;голый;A;False;False
491;зомби;зомби;S;False;False
490;совет;совет;S;False;False
489;универсальный;универсальный;A;False;False
487;почка;почка;S;False;False
487;фаленопсис;фаленопсис;S;True;False
486;оля;оля;S;False;False
485;nfhj;nfhj;None;False;True
485;херомантия;херомантия;S;True;False
484;замужество;замужество;S;False;False
483;заниматься;заниматься;V;False;False
483;чай;чай;S;False;False
481;богатство;богатство;S;False;False
481;сперма;сперма;S;False;False
480;душа;душа;S;False;False
480;завещание;завещание;S;False;False
479;юкка;юкка;S;False;False
477;сын;сын;S;False;False
474;чирей;чирей;S;False;False
470;джуна;джуна;S;False;False
468;повышаться;повышаться;V;False;False
466;таня;таня;S;False;False
466;чтобы;чтобы;CONJ;False;False
465;труп;труп;S;False;False
465;убегать;убегать;V;False;False
462;гороск;гороск;S;True;False
461;дочь;дочь;S;False;False
461;імена;імена;None;False;True
460;чеснок;чеснок;S;False;False
456;шоколад;шоколад;S;False;False
455;предсказывать;предсказывать;V;False;False
452;вика;вика;S;False;False
450;сапог;сапог;S;False;False
448;український;український;None;False;True
448;яга;яга;S;False;False
445;мед;мед;S;False;False
445;шуба;шуба;S;False;False
444;взнос;взнос;S;False;False
444;пфр;пфр;None;False;True
443;психология;психология;S;False;False
442;букет;букет;S;False;False
441;удочка;удочка;S;False;False
439;гороско;гороско;ADV;True;False
438;родословная;родословная;S;False;False
437;идея;идея;S;False;False
436;hfv;hfv;None;False;True
436;kth;kth;None;False;True
435;красить;красить;V;False;False
434;ромашка;ромашка;S;False;False
434;цыпленок;цыпленок;S;False;False
433;куда;куда;ADVPRO;False;False
433;эротический;эротический;A;False;False
431;она;она;SPRO;False;False
430;видео;видео;S;False;False
430;сонн;сонн;S;True;False
429;завтрашний;завтрашний;A;False;False
428;keyysq;keyysq;None;False;True
428;тату;тату;S;False;False
427;ваш;ваш;APRO;False;False
427;поза;поза;S;False;False
427;удобный;удобный;A;False;False
426;jhfrek;jhfrek;None;False;True
425;привлечение;привлечение;S;False;False
422;морковь;морковь;S;False;False
422;реинкарнация;реинкарнация;S;False;False
421;интим;интим;S;False;False
419;внизу;внизу;ADV;False;False
418;гардения;гардения;S;False;False
418;жасминовидный;жасминовидный;A;True;False
417;свет;свет;S;False;False
416;com;com;None;False;True
416;вк;вк;None;False;True
415;вконтакте;вконтакте;S;False;False
415;журнал;журнал;S;False;False
413;погружаться;погружаться;V;False;False
413;поездка;поездка;S;False;False
413;яндекс;яндекс;S;False;False
411;минимальный;минимальный;A;False;False
411;михайлов;михайлов;S;False;False
411;оплата;оплата;S;False;False
411;район;район;S;False;False
411;труд;труд;S;False;False
410;cjybr;cjybr;None;False;True
410;леонид;леонид;S;False;False
409;джин;джин;S;False;False
409;искандер;искандер;S;False;False
409;макар;макар;S;False;False
408;упасть;упасть;V;False;False
407;ворона;ворона;S;False;False
407;конфета;конфета;S;False;False
406;насекомое;насекомое;S;False;False
405;священный;священный;A;False;False
403;ублажать;ублажать;V;False;False
403;франчайзинг;франчайзинг;S;False;False
402;амин;амин;S;False;False
400;вечерний;вечерний;A;False;False
399;григорий;григорий;S;False;False
398;авто;авто;S;False;False
398;новинка;новинка;S;False;False
397;damataro;damataro;None;False;True
397;настрой;настрой;S;False;False
397;пить;пить;V;False;False
397;сытин;сытин;S;True;False
395;наряжать;наряжать;V;False;False
395;часы;часы;S;False;False
393;состояние;состояние;S;False;False
393;счетчик;счетчик;S;False;False
392;баран;баран;S;False;False
392;продажа;продажа;S;False;False
391;брачный;брачный;A;False;False
391;рожистый;рожистый;A;False;False
391;серьга;серьга;S;False;False
390;аня;аня;S;False;False
390;конституция;конституция;S;False;False
390;федеральный;федеральный;A;False;False
389;конь;конь;S;False;False
389;соленый;соленый;A;False;False
388;асцендент;асцендент;S;True;False
388;отдых;отдых;S;False;False
387;один;один;APRO,ANUM;False;False
387;песок;песок;S;False;False
386;берендей;берендей;S;False;False
385;старец;старец;S;False;False
383;зевалка;зевалка;S;True;False
382;net;net;None;False;True
382;астроленд;астроленд;S;True;False
382;василий;василий;S;False;False
381;блин;блин;S;False;False
380;годовщина;годовщина;S;False;False
380;группа;группа;S;False;False
380;кулички;кулички;S;False;False
380;мирон;мирон;S;False;False
380;посуда;посуда;S;False;False
379;цикламен;цикламен;S;False;False
377;гранат;гранат;S;False;False
377;распечатка;распечатка;S;False;False
377;сова;сова;S;False;False
375;история;история;S;False;False
375;мертвый;мертвый;A;False;False
374;вести;вести;V;False;False
373;весенний;весенний;A;False;False
373;оберег;оберег;S;False;False
372;рыжий;рыжий;A;False;False
372;свеча;свеча;S;False;False
370;мост;мост;S;False;False
370;причина;причина;S;False;False
366;роберт;роберт;S;False;False
365;новорожденный;новорожденный;A;False;False
363;бог;бог;S;False;False
363;демид;демид;S;False;False
362;средний;средний;A;False;False
361;дівчаток;дівчаток;None;False;True
360;низ;низ;S;False;False
360;эзофагит;эзофагит;S;False;False
358;госпошлина;госпошлина;S;False;False
358;загранпаспорт;загранпаспорт;S;False;False
358;красиво;красиво;ADV;False;False
358;лера;лера;S;False;False
358;работник;работник;S;False;False
357;горосокп;горосокп;S;True;False
357;даль;даль;S;False;False
356;захар;захар;S;False;False
356;левый;левый;A;False;False
355;вызывать;вызывать;V;False;False
354;magiachisel;magiachisel;None;False;True
354;белка;белка;S;False;False
354;треугольник;треугольник;S;False;False
352;сервировка;сервировка;S;False;False
351;сода;сода;S;False;False
350;ezoterik;ezoterik;None;False;True
350;аквапарк;аквапарк;S;False;False
349;tycrbt;tycrbt;None;False;True
348;герман;герман;S;False;False
348;этот;этот;APRO;False;False
347;вылечивать;вылечивать;V;False;False
346;бросать;бросать;V;False;False
346;корабль;корабль;S;False;False
344;появляться;появляться;V;False;False
344;пресвятой;пресвятой;A;False;False
343;pfdnhf;pfdnhf;None;False;True
343;ругаться;ругаться;V;False;False
342;серый;серый;A;False;False
342;студент;студент;S;False;False
340;мэйл;мэйл;S;False;False
338;нарастать;нарастать;V;False;False
337;игнорировать;игнорировать;V;False;False
337;календарик;календарик;S;False;False
337;карманный;карманный;A;False;False
336;модный;модный;A;False;False
335;мальвина;мальвина;S;False;False
334;драться;драться;V;False;False
334;приготавливать;приготавливать;V;False;False
333;зрелый;зрелый;A;False;False
331;изменять;изменять;V;False;False
329;rybuf;rybuf;None;False;True
329;гость;гость;S;False;False
328;богарня;богарня;S;True;False
328;жозефина;жозефина;S;False;False
328;эфемерида;эфемерида;S;False;False
327;CJYYBR;CJYYBR;None;False;True
326;маска;маска;S;False;False
326;род;род;S;False;False
326;стретчинг;стретчинг;S;True;False
325;орган;орган;S;False;False
324;камасутра;камасутра;S;False;False
323;военнослужащий;военнослужащий;S;False;False
322;амелия;амелия;S;True;False
321;UJHJCRJG;UJHJCRJG;None;False;True
321;готовый;готовый;A;False;False
321;калорийность;калорийность;S;False;False
321;ланг;ланг;S;True;False
320;китай;китай;S;False;False
320;повезти;повезти;V;False;False
320;туфля;туфля;S;False;False
318;арабский;арабский;A;False;False
318;будущий;будущий;A;False;False
318;солнечный;солнечный;A;False;False
317;иголка;иголка;S;False;False
317;матрица;матрица;S;False;False
317;простуда;простуда;S;False;False
316;известный;известный;A;False;False
316;мнение;мнение;S;False;False
314;саша;саша;S;False;False
313;тибетский;тибетский;A;False;False
312;fh;fh;None;False;True
312;fyutk;fyutk;None;False;True
312;лайн;лайн;S;False;False
312;модельный;модельный;A;False;False
312;цикл;цикл;S;False;False
311;ujhjcrjgs;ujhjcrjgs;None;False;True
310;арсений;арсений;S;False;False
310;роза;роза;S;False;False
309;болезнь;болезнь;S;False;False
308;хирургический;хирургический;A;False;False
305;волна;волна;S;False;False
305;седой;седой;A;False;False
303;разжижать;разжижать;V;True;False
302;петр;петр;S;False;False
302;шапочка;шапочка;S;False;False
301;goroskops;goroskops;None;False;True
301;вчера;вчера;ADV;False;False
301;клоп;клоп;S;False;False
301;перитонит;перитонит;S;False;False
301;покойный;покойный;A;False;False
300;невеста;невеста;S;False;False
300;ответ;ответ;S;False;False
298;департамент;департамент;S;False;False
298;образование;образование;S;False;False
298;рейтинг;рейтинг;S;False;False
297;носок;носок;S;False;False
296;astroscope;astroscope;None;False;True
296;архив;архив;S;False;False
296;слово;слово;S;False;False
295;жест;жест;S;False;False
295;положение;положение;S;False;False
292;возбудитель;возбудитель;S;False;False
292;гроскоп;гроскоп;S;True;False
292;собачий;собачий;A;False;False
290;малина;малина;S;False;False
290;снятие;снятие;S;False;False
289;pjlbfrf;pjlbfrf;None;False;True
289;pyfrb;pyfrb;None;False;True
289;здравие;здравие;S;False;False
289;кровать;кровать;S;False;False
289;окно;окно;S;False;False
289;побеждать;побеждать;V;False;False
289;руокулус;руокулус;S;True;False
289;сорокоуст;сорокоуст;S;False;False
288;широкоформатный;широкоформатный;A;False;False
287;борис;борис;S;False;False
287;начинать;начинать;V;False;False
286;закладывать;закладывать;V;False;False
286;кельтский;кельтский;A;False;False
286;мороженое;мороженое;S;False;False
286;но;но;CONJ;False;False
285;алевтина;алевтина;S;False;False
285;инвалид;инвалид;S;False;False
285;реальный;реальный;A;False;False
285;укреплять;укреплять;V;False;False
284;конец;конец;S;False;False
284;разводить;разводить;V;False;False
283;lf;lf;None;False;True
283;ytn;ytn;None;False;True
282;вафа;вафа;S;False;False
282;застолье;застолье;S;False;False
282;мехди;мехди;S;False;False
282;эбрагимя;эбрагимя;S;True;False
281;коэффициент;коэффициент;S;False;False
281;ожидать;ожидать;V;False;False
281;сыр;сыр;S;False;False
280;петь;петь;V;False;False
279;воздух;воздух;S;False;False
279;завоевывать;завоевывать;V;False;False
277;jrekec;jrekec;None;False;True
276;ангелина;ангелина;S;False;False
276;жаба;жаба;S;False;False
276;рыбалка;рыбалка;S;False;False
275;копать;копать;V;False;False
275;цепочка;цепочка;S;False;False
274;событие;событие;S;False;False
273;автомобильный;автомобильный;A;False;False
273;молния;молния;S;False;False
273;тотемный;тотемный;A;False;False
272;желудок;желудок;S;False;False
272;сахар;сахар;S;False;False
271;нечаев;нечаев;S;False;False
271;проект;проект;S;False;False
270;прыщ;прыщ;S;False;False
269;брага;брага;S;False;False
269;водный;водный;A;False;False
269;предсказатель;предсказатель;S;False;False
268;orakul;orakul;None;False;True
268;ua;ua;None;False;True
268;интимный;интимный;A;False;False
268;милан;милан;S;False;False
267;платон;платон;S;False;False
267;психолог;психолог;S;False;False
267;точка;точка;S;False;False
266;милер;милер;S;False;False
266;разбивать;разбивать;V;False;False
265;keys;keys;None;False;True
265;три;три;NUM;False;False
264;бабочка;бабочка;S;False;False
264;горосоп;горосоп;S;True;False
264;исконный;исконный;A;False;False
263;препарат;препарат;S;False;False
263;собственный;собственный;A;False;False
262;график;график;S;False;False
262;диоксид;диоксид;S;True;False
262;изотерика;изотерика;S;True;False
262;какашка;какашка;S;True;False
262;кристен;кристен;S;False;False
262;марианна;марианна;S;False;False
262;паттинсон;паттинсон;S;False;False
262;сера;сера;S;False;False
262;стюарт;стюарт;S;False;False
262;тонуть;тонуть;V;False;False
262;форум;форум;S;False;False
261;бессонница;бессонница;S;False;False
261;бороться;бороться;V;False;False
261;морской;морской;A;False;False
261;пехота;пехота;S;False;False
260;заклинание;заклинание;S;False;False
259;маникюр;маникюр;S;False;False
259;расследование;расследование;S;False;False
258;нельзя;нельзя;ADV;False;False
257;вино;вино;S;False;False
257;люцифер;люцифер;S;False;False
257;смерч;смерч;S;False;False
256;oracle;oracle;None;False;True
256;today;today;None;False;True
256;матерный;матерный;A;False;False
255;очищать;очищать;V;False;False
255;предназначение;предназначение;S;False;False
255;ритуал;ритуал;S;False;False
253;бок;бок;S;False;False
253;обертывание;обертывание;S;False;False
252;виолетта;виолетта;S;False;False
252;домовой;домовой;S;False;False
252;размер;размер;S;False;False
251;слоиться;слоиться;V;False;False
250;дух;дух;S;False;False
250;клетка;клетка;S;False;False
250;моча;моча;S;False;False
249;самоучитель;самоучитель;S;False;False
248;радуга;радуга;S;False;False
248;ссора;ссора;S;False;False
248;тьма;тьма;S;False;False
248;чесаться;чесаться;V;False;False
248;шесть;шесть;NUM;False;False
247;выкидыш;выкидыш;S;False;False
246;аквариум;аквариум;S;False;False
246;гусь;гусь;S;False;False
246;медвежонок;медвежонок;S;False;False
246;сонний;сонний;A;True;False
245;покраска;покраска;S;False;False
244;спотыкалка;спотыкалка;S;True;False
243;ghtlcrfpfybt;ghtlcrfpfybt;None;False;True
243;венчаться;венчаться;V;False;False
243;правдин;правдин;S;True;False
242;одежда;одежда;S;False;False
242;семя;семя;S;False;False
242;соннк;соннк;ADV;True;False
241;астрогифт;астрогифт;S;True;False
241;количество;количество;S;False;False
241;лунно-солнечный;лунно-солнечный;A;False;False
241;мелочь;мелочь;S;False;False
240;cnhb;cnhb;None;False;True
240;tr;tr;None;False;True
240;круг;круг;S;False;False
239;перерасчет;перерасчет;S;False;False
238;мирамистин;мирамистин;S;True;False
238;святой;святой;A;False;False
237;недорого;недорого;ADV;False;False
237;рвота;рвота;S;False;False
237;соль;соль;S;False;False
236;башкортостан;башкортостан;S;False;False
236;республика;республика;S;False;False
236;фикус;фикус;S;False;False
235;fkrf;fkrf;None;False;True
235;xb;xb;None;False;True
235;гороском;гороском;ADV;True;False
234;максимальный;максимальный;A;False;False
234;ставка;ставка;S;False;False
234;сумма;сумма;S;False;False
233;narod;narod;None;False;True
233;podrostki;podrostki;None;False;True
233;website;website;None;False;True
233;анжелика;анжелика;S;False;False
233;мыслитель;мыслитель;S;False;False
233;таисия;таисия;S;False;False
233;удовлетворять;удовлетворять;V;False;False
233;художник;художник;S;False;False
232;азалия;азалия;S;False;False
232;глаз;глаз;S;False;False
232;ян;ян;S;False;False
231;junona;junona;None;False;True
231;предложение;предложение;S;False;False
231;священник;священник;S;False;False
229;всемирный;всемирный;A;False;False
229;крест;крест;S;False;False
229;купаться;купаться;V;False;False
229;слабительный;слабительный;A;False;False
228;горшок;горшок;S;False;False
227;пневмония;пневмония;S;False;False
227;продукт;продукт;S;False;False
227;росс;росс;S;False;False
227;успокаиваться;успокаиваться;V;False;False
226;борода;борода;S;False;False
226;карл;карл;S;False;False
226;сумка;сумка;S;False;False
226;счастливчик;счастливчик;S;False;False
226;цунами;цунами;S;False;False
225;бронхит;бронхит;S;False;False
225;гора;гора;S;False;False
225;гореть;гореть;V;False;False
225;ссонник;ссонник;S;True;False
223;вертолет;вертолет;S;False;False
223;наталия;наталия;S;False;False
222;единство;единство;S;False;False
222;оса;оса;S;False;False
222;пистолет;пистолет;S;False;False
222;удачный;удачный;A;False;False
221;глист;глист;S;False;False
221;горокоп;горокоп;S;True;False
221;законодательство;законодательство;S;False;False
221;изменение;изменение;S;False;False
221;налоговый;налоговый;A;False;False
220;крым;крым;S;False;False
220;посадочный;посадочный;A;False;False
219;внутри;внутри;ADV;False;False
219;кал;кал;S;False;False
219;расставание;расставание;S;False;False
219;хмао;хмао;S;True;False
218;городскоп;городскоп;S;True;False
217;проза;проза;S;False;False
217;спичка;спичка;S;False;False
217;хомяк;хомяк;S;False;False
217;январский;январский;A;False;False
217;ящерица;ящерица;S;False;False
216;ворожея;ворожея;S;False;False
216;гороскоплять;гороскоплять;V;True;False
216;грузинский;грузинский;A;False;False
216;киевский;киевский;A;False;False
216;находить;находить;V;False;False
216;неравнодушный;неравнодушный;A;False;False
215;гномик;гномик;S;False;False
215;соонник;соонник;S;True;False
214;владимировна;владимировна;S;False;False
214;помощь;помощь;S;False;False
213;посадить;посадить;V;False;False
212;библиотека;библиотека;S;False;False
212;болото;болото;S;False;False
212;ведущий;ведущий;A;False;False
212;тещин;тещин;A;False;False
211;банковский;банковский;A;False;False
211;соннік;соннік;None;False;True
211;телефон;телефон;S;False;False
211;элина;элина;S;False;False
210;crbt;crbt;None;False;True
210;ve;ve;None;False;True
210;аделин;аделин;S;False;False
210;орех;орех;S;False;False
209;алкоголизм;алкоголизм;S;False;False
209;внук;внук;S;False;False
208;http;http;None;False;True
208;водка;водка;S;False;False
208;микоплазмоз;микоплазмоз;S;True;False
208;молочница;молочница;S;False;False
208;перец;перец;S;False;False
207;пальма;пальма;S;False;False
205;ujl;ujl;None;False;True
205;астророк;астророк;S;True;False
205;падать;падать;V;False;False
205;сбывание;сбывание;S;False;False
204;онник;онник;S;True;False
204;сьогодный;сьогодный;A;True;False
203;обзывалка;обзывалка;S;True;False
203;перечень;перечень;S;False;False
203;учебник;учебник;S;False;False
203;шеви;шеви;S;True;False
202;засолить;засолить;V;False;False
202;по-украински;по-украински;ADV;False;False
201;разбойник;разбойник;S;False;False
201;рыбак;рыбак;S;False;False
201;существовать;существовать;V;False;False
200;змей;змей;S;False;False
200;поправка;поправка;S;False;False
199;мерлин;мерлин;S;False;False
198;владислава;владислава;S;False;False
198;карма;карма;S;False;False
198;клоун;клоун;S;False;False
197;постановочный;постановочный;A;False;False
197;шоу;шоу;S;False;False
196;деваться;деваться;V;False;False
196;харьков;харьков;S;False;False
194;gthtvty;gthtvty;None;False;True
194;драгоценный;драгоценный;A;False;False
194;котова;котова;S;False;False
194;мисс;мисс;S;False;False
193;завтро;завтро;ADV;True;False
193;потом;потом;ADVPRO;False;False
193;прерываться;прерываться;V;False;False
193;продолжаться;продолжаться;V;False;False
193;школьник;школьник;S;False;False
192;значенний;значенний;A;True;False
192;імені;імені;None;False;True
191;годик;годик;S;False;False
191;густой;густой;A;False;False
191;подбирать;подбирать;V;False;False
191;шейка;шейка;S;False;False
191;эрозия;эрозия;S;False;False
190;доска;доска;S;False;False
190;конкурс;конкурс;S;False;False
190;уинджа;уинджа;S;True;False
189;витамин;витамин;S;False;False
189;градусник;градусник;S;False;False
189;оникс;оникс;S;False;False
188;алкогольный;алкогольный;A;False;False
188;валагище;валагище;S;True;False
188;зависимость;зависимость;S;False;False
187;жук;жук;S;False;False
186;небо;небо;S;False;False
186;пытаться;пытаться;V;False;False
183;astroland;astroland;None;False;True
183;гароскоп;гароскоп;S;True;False
183;кабинет;кабинет;S;False;False
182;astrostar;astrostar;None;False;True
182;астромередиана;астромередиана;S;True;False
182;злата;злата;S;False;False
182;медикамент;медикамент;S;False;False
182;пололовой;пололовой;A;True;False
182;срнник;срнник;S;True;False
182;фурункул;фурункул;S;False;False
181;артист;артист;S;False;False
181;образец;образец;S;False;False
180;антонин;антонин;S;False;False
180;клещ;клещ;S;False;False
180;над;над;PR;False;False
179;анатолий;анатолий;S;False;False
179;пиявка;пиявка;S;False;False
179;планета;планета;S;False;False
179;совмещать;совмещать;V;False;False
178;вытыканка;вытыканка;S;True;False
178;годание;годание;S;True;False
178;исполняться;исполняться;V;False;False
178;профилактика;профилактика;S;False;False
178;снник;снник;S;True;False
178;так;так;ADVPRO;False;False
176;прополис;прополис;S;False;False
175;ороскоп;ороскоп;S;True;False
175;сугроб;сугроб;S;False;False
174;inpot;inpot;None;False;True
174;вольный;вольный;A;False;False
174;колит;колит;S;False;False
174;микстура;микстура;S;False;False
174;спастический;спастический;A;False;False
174;стиль;стиль;S;False;False
173;питание;питание;S;False;False
173;сапфир;сапфир;S;False;False
171;вместе;вместе;ADV;False;False
171;древнерусский;древнерусский;A;False;False
171;младший;младший;A;False;False
170;артур;артур;S;False;False
170;бухгалтер;бухгалтер;S;False;False
170;вампир;вампир;S;False;False
170;поиск;поиск;S;False;False
169;кочан;кочан;S;False;False
169;пояснение;пояснение;S;False;False
168;спид;спид;S;False;False
167;акула;акула;S;False;False
167;гораскоп;гораскоп;S;True;False
167;заразный;заразный;A;False;False
167;мини;мини;COM;False;False
167;норма;норма;S;False;False
167;угодник;угодник;S;False;False
166;гороскп;гороскп;S;True;False
166;сухой;сухой;A;False;False
165;два;два;NUM;False;False
165;объявлять;объявлять;V;False;False
165;полоска;полоска;S;False;False
165;темнота;темнота;S;False;False
164;ад;ад;S;False;False
164;одина;одина;S;False;False
163;американский;американский;A;False;False
163;отцветать;отцветать;V;False;False
163;очень;очень;ADV;False;False
162;безработица;безработица;S;False;False
162;жанна;жанна;S;False;False
162;зарай;зарай;S;True;False
162;фигура;фигура;S;False;False
161;обострение;обострение;S;False;False
160;аглая;аглая;S;False;False
160;быстро;быстро;ADV;False;False
160;дома;дома;ADV;False;False
160;оптимист;оптимист;S;False;False
160;пример;пример;S;False;False
159;бывать;бывать;V;False;False
159;ливень;ливень;S;False;False
159;пирсинг;пирсинг;S;False;False
159;трактовка;трактовка;S;False;False
158;изнасилование;изнасилование;S;False;False
158;рыболовный;рыболовный;A;False;False
157;гном;гном;S;False;False
157;заинтересовывать;заинтересовывать;V;False;False
157;изображение;изображение;S;False;False
157;переписка;переписка;S;False;False
157;юбилейный;юбилейный;A;False;False
156;весело;весело;ADV;False;False
156;дерьмо;дерьмо;S;False;False
156;проводить;проводить;V;False;False
155;yjyf;yjyf;None;False;True
155;антонина;антонина;S;False;False
155;валерия;валерия;S;False;False
155;меняться;меняться;V;False;False
155;сопли;сопли;S;False;False
154;постель;постель;S;False;False
154;прободной;прободной;A;False;False
154;язва;язва;S;False;False
153;afpf;afpf;None;False;True
153;водиться;водиться;V;False;False
153;гнида;гнида;S;False;False
153;косметический;косметический;A;False;False
153;означає;означає;None;False;True
153;процедура;процедура;S;False;False
153;степанова;степанова;S;False;False
153;що;що;None;False;True
153;імя;імя;None;False;True
152;гооскоп;гооскоп;S;True;False
152;инструкция;инструкция;S;False;False
152;люголать;люголать;V;True;False
152;наряд;наряд;S;False;False
152;применение;применение;S;False;False
152;сониика;сониика;S;True;False
152;цитата;цитата;S;False;False
151;бурый;бурый;A;False;False
151;открывать;открывать;V;False;False
151;скоморох;скоморох;S;False;False
151;снежинка;снежинка;S;False;False
150;больной;больной;A;False;False
150;бондарчук;бондарчук;S;False;False
150;гексаграмма;гексаграмма;S;True;False
150;депрессия;депрессия;S;False;False
150;дцп;дцп;None;False;True
150;нервный;нервный;A;False;False
150;побороть;побороть;V;False;False
150;система;система;S;False;False
149;yevthjkjubz;yevthjkjubz;None;False;True
149;волосатый;волосатый;A;False;False
149;минэкономразвития;минэкономразвития;S;False;False
149;убывающий;убывающий;A;False;False
149;юмористический;юмористический;A;False;False
148;горло;горло;S;False;False
148;коричневый;коричневый;A;False;False
148;лилит;лилит;S;False;False
148;полоскать;полоскать;V;False;False
147;бантеев;бантеев;S;False;False
147;олеся;олеся;S;False;False
147;фотографироваться;фотографироваться;V;False;False
146;astroma;astroma;None;False;True
146;гороскол;гороскол;S;True;False
146;селедка;селедка;S;False;False
145;гроза;гроза;S;False;False
145;донбасс;донбасс;S;False;False
145;исполнять;исполнять;V;False;False
145;мерилин;мерилин;S;False;False
145;послезавтра;послезавтра;ADV;False;False
145;упаковка;упаковка;S;False;False
144;постановление;постановление;S;False;False
144;сердечко;сердечко;S;False;False
144;совместность;совместность;S;False;False
143;полный;полный;A;False;False
142;бежать;бежать;V;False;False
142;директор;директор;S;False;False
141;дверь;дверь;S;False;False
141;зеленый;зеленый;A;False;False
141;прерывание;прерывание;S;False;False
141;ростовский;ростовский;A;False;False
141;сиреневый;сиреневый;A;False;False
141;скандинавский;скандинавский;A;False;False
140;лилия;лилия;S;False;False
140;ум;ум;S;False;False
139;варение;варение;S;False;False
139;киви;киви;S;False;False
139;признание;признание;S;False;False
138;казахстанский;казахстанский;A;False;False
138;психотип;психотип;S;True;False
138;рис;рис;S;False;False
137;гимнастика;гимнастика;S;False;False
137;исчезать;исчезать;V;False;False
137;кегель;кегель;S;True;False
137;опущение;опущение;S;False;False
137;то;то;CONJ;False;False
136;ytltk;ytltk;None;False;True
136;влюблять;влюблять;V;False;False
136;игрушка;игрушка;S;False;False
136;кукла;кукла;S;False;False
136;обидный;обидный;A;False;False
136;обновлять;обновлять;V;False;False
135;celt;celt;None;False;True
135;добро;добро;S;False;False
135;зулия;зулия;S;False;False
135;кастрация;кастрация;S;False;False
135;раджабов;раджабов;S;False;False
135;рыдать;рыдать;V;False;False
134;браться;браться;V;False;False
134;геннадий;геннадий;S;False;False
134;камилла;камилла;S;False;False
134;козел;козел;S;False;False
134;оканчиваться;оканчиваться;V;False;False
134;откуда;откуда;ADVPRO;False;False
134;понос;понос;S;False;False
134;пропадать;пропадать;V;False;False
134;рік;рік;None;False;True
134;склонение;склонение;S;False;False
134;стафилококк;стафилококк;S;False;False
134;топаз;топаз;S;False;False
134;церковний;церковний;A;True;False
133;астрал;астрал;S;False;False
133;выход;выход;S;False;False
133;груша;груша;S;False;False
133;носить;носить;V;False;False
133;тнт;тнт;S;False;False
132;везение;везение;S;False;False
132;влюбленный;влюбленный;A;False;False
132;дело;дело;S;False;False
132;демьян;демьян;S;False;False
132;кудрин;кудрин;S;False;False
132;наручный;наручный;A;False;False
132;пирамида;пирамида;S;False;False
131;горосокоп;горосокоп;S;True;False
131;соннтк;соннтк;S;True;False
130;cyjd;cyjd;None;False;True
130;njkrjdfybt;njkrjdfybt;None;False;True
130;аквариумный;аквариумный;A;False;False
130;брюшной;брюшной;A;False;False
130;значит;значит;ADV;False;False
130;ираида;ираида;S;False;False
130;калория;калория;S;False;False
130;маджонг;маджонг;S;False;False
130;мотоцикл;мотоцикл;S;False;False
130;плохой;плохой;A;False;False
130;полость;полость;S;False;False
130;счастливый;счастливый;A;False;False
129;далецкий;далецкий;S;True;False
129;миткевич;миткевич;S;True;False
129;рустам;рустам;S;False;False
129;юлий;юлий;S;False;False
128;уровень;уровень;S;False;False
127;зигмунд;зигмунд;S;False;False
127;марс;марс;S;False;False
127;сосед;сосед;S;False;False
127;царапать;царапать;V;False;False
126;валерьянка;валерьянка;S;False;False
126;василин;василин;S;False;False
126;вспомнить;вспомнить;V;False;False
126;двусторонний;двусторонний;A;False;False
126;имущественный;имущественный;A;False;False
126;лазурит;лазурит;S;False;False
126;метро;метро;S;False;False
126;подорожание;подорожание;S;False;False
126;призрак;призрак;S;False;False
126;пустырник;пустырник;S;False;False
126;сироп;сироп;S;False;False
126;тудей;тудей;S;True;False
126;унитаз;унитаз;S;False;False
125;старославянский;старославянский;A;False;False
124;женитьба;женитьба;S;False;False
124;навоз;навоз;S;False;False
124;чистить;чистить;V;False;False
123;prisnilos;prisnilos;None;False;True
123;su;su;None;False;True
123;зарина;зарина;S;False;False
123;исцелять;исцелять;V;False;False
123;осенний;осенний;A;False;False
123;проверять;проверять;V;False;False
123;утка;утка;S;False;False
123;ярослава;ярослава;S;False;False
122;богослов;богослов;S;False;False
122;днюха;днюха;S;True;False
122;знаків;знаків;None;False;True
122;иоанн;иоанн;S;False;False
122;лада;лада;S;False;False
122;откровение;откровение;S;False;False
122;сумісність;сумісність;None;False;True
121;авиакатастрофа;авиакатастрофа;S;False;False
121;балкон;балкон;S;False;False
121;веровать;веровать;V;False;False
121;гигиена;гигиена;S;False;False
121;кит;кит;S;False;False
121;мила;мила;S;False;False
121;полюбить;полюбить;V;False;False
121;скэнар;скэнар;S;True;False
121;сустав;сустав;S;False;False
121;терапия;терапия;S;False;False
121;челюстной;челюстной;A;False;False
121;юбка;юбка;S;False;False
120;numeroscop;numeroscop;None;False;True
120;афонский;афонский;A;False;False
120;грудень;грудень;S;True;False
120;кушать;кушать;V;False;False
120;мвд;мвд;S;False;False
120;нумералогия;нумералогия;S;True;False
120;отпечаток;отпечаток;S;False;False
120;простата;простата;S;False;False
120;ратибор;ратибор;S;False;False
120;родимый;родимый;A;False;False
120;страница;страница;S;False;False
119;sonik;sonik;None;False;True
119;белок;белок;S;False;False
119;загадывать;загадывать;V;False;False
119;зубной;зубной;A;False;False
119;масло;масло;S;False;False
119;массаж;массаж;S;False;False
119;подниматься;подниматься;V;False;False
119;ягода;ягода;S;False;False
118;кража;кража;S;False;False
118;результат;результат;S;False;False
118;сни;сни;S;True;False
118;шапка;шапка;S;False;False
117;vbkkthf;vbkkthf;None;False;True
117;айкью;айкью;S;True;False
117;аким;аким;S;False;False
117;вечер;вечер;S;False;False
117;поймать;поймать;V;False;False
117;распространенный;распространенный;A;False;False
117;твой;твой;APRO;False;False
116;желтуха;желтуха;S;False;False
116;замужний;замужний;A;False;False
116;кура;кура;S;False;False
116;лекарство;лекарство;S;False;False
116;марсель;марсель;S;False;False
116;опаздывать;опаздывать;V;False;False
116;передаваться;передаваться;V;False;False
116;повышать;повышать;V;False;False
116;пятнашки;пятнашки;S;False;False
116;размягчать;размягчать;V;False;False
116;серафим;серафим;S;False;False
116;совпадение;совпадение;S;False;False
116;юрист;юрист;S;False;False
115;bvty;bvty;None;False;True
115;cjdvtcnbvjcnm;cjdvtcnbvjcnm;None;False;True
115;goroscop;goroscop;None;False;True
115;головоломка;головоломка;S;False;False
115;данил;данил;S;False;False
115;духи;духи;S;False;False
115;картофель;картофель;S;False;False
115;одевать;одевать;V;False;False
115;определение;определение;S;False;False
115;распознавать;распознавать;V;False;False
115;слава;слава;S;False;False
114;ruoculus;ruoculus;None;False;True
114;адрес;адрес;S;False;False
114;дед;дед;S;False;False
114;земляника;земляника;S;False;False
114;ингаляция;ингаляция;S;False;False
114;кировский;кировский;A;False;False
114;мороз;мороз;S;False;False
114;мужегон;мужегон;S;True;False
114;слепой;слепой;A;False;False
114;снегурочка;снегурочка;S;False;False
114;совместимый;совместимый;A;False;False
113;вестись;вестись;V;False;False
113;косичка;косичка;S;False;False
113;назавтра;назавтра;ADV;False;False
113;нечисть;нечисть;S;False;False
113;хотеть;хотеть;V;False;False
113;чтоб;чтоб;CONJ;False;False
112;afps;afps;None;False;True
112;archangel;archangel;None;False;True
112;аналитик;аналитик;S;False;False
112;смеяться;смеяться;V;False;False
112;трогательный;трогательный;A;False;False
112;хассе;хассе;S;True;False
111;банан;банан;S;False;False
111;вешать;вешать;V;False;False
111;водить;водить;V;False;False
111;ворота;ворота;S;False;False
111;дамир;дамир;S;False;False
111;еда;еда;S;False;False
111;золушка;золушка;S;False;False
111;калейдоскоп;калейдоскоп;S;False;False
111;подкова;подкова;S;False;False
111;якуб;якуб;S;False;False
110;бальтазар;бальтазар;S;False;False
110;бровь;бровь;S;False;False
110;буква;буква;S;False;False
110;грядка;грядка;S;False;False
110;ее;ее;APRO;False;False
110;заболевать;заболевать;V;False;False
110;классический;классический;A;False;False
110;мочевой;мочевой;A;False;False
110;осень;осень;S;False;False
110;перед;перед;PR;False;False
110;поминки;поминки;S;False;False
110;ректификация;ректификация;S;False;False
110;святки;святки;S;False;False
110;сено;сено;S;False;False
110;симоронский;симоронский;A;True;False
110;тепло;тепло;ADV;False;False
110;увидеть;увидеть;V;False;False
109;вывести;вывести;V;False;False
109;забеременеть;забеременеть;V;False;False
109;леди;леди;S;False;False
109;лист;лист;S;False;False
109;любовник;любовник;S;False;False
109;место;место;S;False;False
109;огород;огород;S;False;False
109;папа;папа;S;False;False
109;предохраняться;предохраняться;V;False;False
109;раиса;раиса;S;False;False
109;регин;регин;S;False;False
109;соперница;соперница;S;False;False
109;чеченский;чеченский;A;False;False
109;эндометриоз;эндометриоз;S;True;False
108;cjdvtcnbvjcnb;cjdvtcnbvjcnb;None;False;True
108;аборт;аборт;S;False;False
108;мирослава;мирослава;S;False;False
108;момент;момент;S;False;False
108;подсолнух;подсолнух;S;False;False
108;подстригать;подстригать;V;False;False
108;притягивать;притягивать;V;False;False
107;heys;heys;None;False;True
107;horoscop;horoscop;None;False;True
107;rjpthju;rjpthju;None;False;True
107;гепатит;гепатит;S;False;False
107;заражаться;заражаться;V;False;False
107;ира;ира;S;False;False
107;какать;какать;V;False;False
107;ностальгия;ностальгия;S;False;False
107;чувствовать;чувствовать;V;False;False
107;эвелина;эвелина;S;False;False
106;fcnhjvthblbfy;fcnhjvthblbfy;None;False;True
106;астроланд;астроланд;S;True;False
106;богатырь;богатырь;S;False;False
106;ворон;ворон;S;False;False
106;выбирать;выбирать;V;False;False
106;зона;зона;S;False;False
106;крем;крем;S;False;False
106;начальник;начальник;S;False;False
106;отчуждение;отчуждение;S;False;False
106;посадка;посадка;S;False;False
106;привораживать;привораживать;V;False;False
106;свинина;свинина;S;False;False
106;селезенка;селезенка;S;False;False
106;чернобыль;чернобыль;S;False;False
106;эзотерический;эзотерический;A;False;False
105;haemolyticus;haemolyticus;None;False;True
105;staphylococcus;staphylococcus;None;False;True
105;алфавитный;алфавитный;A;False;False
105;ароматерапия;ароматерапия;S;False;False
105;верблюд;верблюд;S;False;False
105;взрыв;взрыв;S;False;False
105;вишня;вишня;S;False;False
105;древний;древний;A;False;False
105;колдовство;колдовство;S;False;False
105;перчатка;перчатка;S;False;False
105;прозрачный;прозрачный;A;False;False
105;старый;старый;A;False;False
105;улица;улица;S;False;False
105;фотографировать;фотографировать;V;False;False
105;чистый;чистый;A;False;False
105;языческий;языческий;A;False;False
104;аэропорт;аэропорт;S;False;False
104;валера;валера;S;False;False
104;гороскор;гороскор;S;True;False
104;горячий;горячий;A;False;False
104;декабрьский;декабрьский;A;False;False
104;дословно;дословно;ADV;False;False
104;зарубежный;зарубежный;A;False;False
104;землетрясение;землетрясение;S;False;False
104;зуд;зуд;S;False;False
104;медицина;медицина;S;False;False
104;мобильный;мобильный;A;False;False
104;мыться;мыться;V;False;False
104;опарыш;опарыш;S;False;False
104;очищение;очищение;S;False;False
104;подробно;подробно;ADV;False;False
104;семейный;семейный;A;False;False
104;способ;способ;S;False;False
104;супер;супер;A;False;False
104;чистотел;чистотел;S;False;False
103;horoskop;horoskop;None;False;True
103;omorrow;omorrow;None;False;True
103;алеша;алеша;S;False;False
103;виадук;виадук;S;False;False
103;вид;вид;S;False;False
103;друг;друг;S;False;False
103;идти;идти;V;False;False
103;курилова;курилова;S;True;False
103;очки;очки;S;False;False
103;поле;поле;S;False;False
103;трамвай;трамвай;S;False;False
103;тыква;тыква;S;False;False
102;Cjyybr;Cjyybr;None;False;True
102;аз;аз;S;False;False
102;вещь;вещь;S;False;False
102;данила;данила;S;False;False
102;контакт;контакт;S;False;False
102;мазь;мазь;S;False;False
102;оригинально;оригинально;ADV;False;False
102;поздравлять;поздравлять;V;False;False
102;тесто;тесто;S;False;False
102;трава;трава;S;False;False
101;гиперпластический;гиперпластический;A;False;False
101;погоня;погоня;S;False;False
101;потоп;потоп;S;False;False
101;разбитый;разбитый;A;False;False
101;стрижок;стрижок;S;True;False
100;horoscope;horoscope;None;False;True
100;lyz;lyz;None;False;True
100;rfhnf;rfhnf;None;False;True
100;агата;агата;S;False;False
100;амулет;амулет;S;False;False
100;африканский;африканский;A;False;False
100;горомкоп;горомкоп;S;True;False
100;госкоп;госкоп;S;True;False
100;лед;лед;S;False;False
100;лук;лук;S;False;False
100;льгота;льгота;S;False;False
100;нумирология;нумирология;S;True;False
100;ручной;ручной;A;False;False
100;хлопчиків;хлопчиків;None;False;True
